Запрос;Группа;Целевая страница
оклейка фар бронепленкой;Бронирование и оклейка;/uslugi/polirovka-i-okleyka-far
полировка и оклейка фар;Бронирование и оклейка;/uslugi/polirovka-i-okleyka-far
полировка и оклейка фар пленкой в минске;Бронирование и оклейка;/uslugi/polirovka-i-okleyka-far
полировка фар под пленку;Бронирование и оклейка;/uslugi/polirovka-i-okleyka-far
полировка и оклейка фар цена;Бронирование и оклейка;/uslugi/polirovka-i-okleyka-far
полировка фар пленка;Бронирование и оклейка;/uslugi/polirovka-i-okleyka-far
полировка фар и оклейка пленкой;Бронирование и оклейка;/uslugi/polirovka-i-okleyka-far
полировка и оклейка фар бронепленкой;Бронирование и оклейка;/uslugi/polirovka-i-okleyka-far
полировка и бронирование фар минск;Бронирование и оклейка;/uslugi/polirovka-i-okleyka-far
полировка и бронирование фар;Бронирование и оклейка;/uslugi/polirovka-i-okleyka-far
полировка фар и оклейка пленкой цена;Бронирование и оклейка;/uslugi/polirovka-i-okleyka-far
полировка фар бронепленка;Бронирование и оклейка;/uslugi/polirovka-i-okleyka-far
полировка фар и пленка минск;Бронирование и оклейка;/uslugi/polirovka-i-okleyka-far
полировка фар с защитной пленкой;Бронирование и оклейка;/uslugi/polirovka-i-okleyka-far
полировка фар с бронированием пленкой;Бронирование и оклейка;/uslugi/polirovka-i-okleyka-far
оклейка фар пленкой минск;Бронирование и оклейка;/uslugi/polirovka-i-okleyka-far
полировка фар пленка авто;Бронирование и оклейка;/uslugi/polirovka-i-okleyka-far
оклейка фар минск;Бронирование и оклейка;/uslugi/polirovka-i-okleyka-far
оклейка фар цена;Бронирование и оклейка;/uslugi/polirovka-i-okleyka-far
оклейка фар бронепленкой цена;Бронирование и оклейка;/uslugi/polirovka-i-okleyka-far
полировка фар перед оклейкой пленкой;Бронирование и оклейка;/uslugi/polirovka-i-okleyka-far
оклейка фар;Бронирование и оклейка;/uslugi/polirovka-i-okleyka-far
бронирование фар пленкой;Бронирование и оклейка;/uslugi/polirovka-i-okleyka-far
оклейка фар автомобиля;Бронирование и оклейка;/uslugi/polirovka-i-okleyka-far
оклейка фар полиуретановой пленкой;Бронирование и оклейка;/uslugi/polirovka-i-okleyka-far
оклейка фар пленкой цена минск;Бронирование и оклейка;/uslugi/polirovka-i-okleyka-far
оклейка фар авто;Бронирование и оклейка;/uslugi/polirovka-i-okleyka-far
оклейка фар пленкой;Бронирование и оклейка;/uslugi/polirovka-i-okleyka-far
оклейка оптики;Бронирование и оклейка;/uslugi/polirovka-i-okleyka-far
оклейка фар пленкой цена;Бронирование и оклейка;/uslugi/polirovka-i-okleyka-far
бронирование фар минск;Бронирование и оклейка;/uslugi/polirovka-i-okleyka-far
оклейка авто фар пленкой;Бронирование и оклейка;/uslugi/polirovka-i-okleyka-far
ремонт стабилизатора напряжения дхо вольво хс;ДХО, LED и адаптивные фары;/uslugi/remont-far
ремонт матричной фары инфинити минск;ДХО, LED и адаптивные фары;/uslugi/remont-far
ремонт светодиодных фар в минске;ДХО, LED и адаптивные фары;/uslugi/remont-far
ремонт светодиодных фар;ДХО, LED и адаптивные фары;/uslugi/remont-far
замена стекла фары минск;Замена стекла фары;новая страница /uslugi/remont-far/zamena-stekla (сейчас — внутри /uslugi/remont-far)
замена стекла в фаре пежо;Замена стекла фары;новая страница /uslugi/remont-far/zamena-stekla (сейчас — внутри /uslugi/remont-far)
замена стекла фары ваз 2105;Замена стекла фары;новая страница /uslugi/remont-far/zamena-stekla (сейчас — внутри /uslugi/remont-far)
восстановление стекла фары;Замена стекла фары;новая страница /uslugi/remont-far/zamena-stekla (сейчас — внутри /uslugi/remont-far)
сто по замене стекла на передних фарах;Замена стекла фары;новая страница /uslugi/remont-far/zamena-stekla (сейчас — внутри /uslugi/remont-far)
замена стекла фары;Замена стекла фары;новая страница /uslugi/remont-far/zamena-stekla (сейчас — внутри /uslugi/remont-far)
устранение запотевания фар в минске;Запотевание и герметизация;/uslugi/ustraneniye-zapotevaniya
ремонт запотевания фар;Запотевание и герметизация;/uslugi/ustraneniye-zapotevaniya
потеет фара лексус ремонт цена;Запотевание и герметизация;/uslugi/ustraneniye-zapotevaniya
запотевание фар;Запотевание и герметизация;/uslugi/ustraneniye-zapotevaniya
устранение запотевания фар;Запотевание и герметизация;/uslugi/ustraneniye-zapotevaniya
потеет фара как устранить;Запотевание и герметизация;/uslugi/ustraneniye-zapotevaniya
потеют фары мазда 3;Запотевание и герметизация;/uslugi/ustraneniye-zapotevaniya
ремонт крепления фары;Корпус и крепления;/uslugi/remont-far
ремонт корпуса фары;Корпус и крепления;/uslugi/remont-far
ремонт ксеноновых фар;Ксенон;/uslugi/uluchshenie-kachestva-sveta
замена ксеноновой лампы на эквинокс 3;Ксенон;/uslugi/uluchshenie-kachestva-sveta
замена ксеноновой лампы фаре;Ксенон;/uslugi/uluchshenie-kachestva-sveta
замена блока розжига ксенона;Ксенон;/uslugi/uluchshenie-kachestva-sveta
восстановление отражателей фар в минске;Отражатели;/uslugi/remont-far
восстановление отражателей фар;Отражатели;/uslugi/remont-far
восстановление отражателей противотуманных фар минск;Отражатели;/uslugi/remont-far
восстановление отражателей фар в минске цены;Отражатели;/uslugi/remont-far
восстановление отражателей фар минск;Отражатели;/uslugi/remont-far
полировка фар в минске;Полировка и восстановление прозрачности;/uslugi/polirovka-i-okleyka-far
полировка фар в минске цены;Полировка и восстановление прозрачности;/uslugi/polirovka-i-okleyka-far
полировка фар;Полировка и восстановление прозрачности;/uslugi/polirovka-i-okleyka-far
полировка фар минск;Полировка и восстановление прозрачности;/uslugi/polirovka-i-okleyka-far
полировка фар минск без снятия;Полировка и восстановление прозрачности;/uslugi/polirovka-i-okleyka-far
полировка фар минск цена;Полировка и восстановление прозрачности;/uslugi/polirovka-i-okleyka-far
полировка стекол фар изнутри под линзы;Полировка и восстановление прозрачности;/uslugi/polirovka-i-okleyka-far
полировка и восстановление фар;Полировка и восстановление прозрачности;/uslugi/polirovka-i-okleyka-far
полировка стекол фар;Полировка и восстановление прозрачности;/uslugi/polirovka-i-okleyka-far
полировка фар мерседес мл;Полировка и восстановление прозрачности;/uslugi/polirovka-i-okleyka-far
услуги по полировка фар;Полировка и восстановление прозрачности;/uslugi/polirovka-i-okleyka-far
полировка защита фар;Полировка и восстановление прозрачности;/uslugi/polirovka-i-okleyka-far
полировка фар цена;Полировка и восстановление прозрачности;/uslugi/polirovka-i-okleyka-far
химическая полировка фар;Полировка и восстановление прозрачности;/uslugi/polirovka-i-okleyka-far
полировка фар в минске цены фрунзенский район;Полировка и восстановление прозрачности;/uslugi/polirovka-i-okleyka-far
полировка фар стоит;Полировка и восстановление прозрачности;/uslugi/polirovka-i-okleyka-far
полировка фар автомобиля;Полировка и восстановление прозрачности;/uslugi/polirovka-i-okleyka-far
удаление царапин с фар;Полировка и восстановление прозрачности;/uslugi/polirovka-i-okleyka-far
полировка оптики;Полировка и восстановление прозрачности;/uslugi/polirovka-i-okleyka-far
полировка фар автомобиля в минске;Полировка и восстановление прозрачности;/uslugi/polirovka-i-okleyka-far
полировка фар в молодечно;Полировка и восстановление прозрачности;/uslugi/polirovka-i-okleyka-far
полировка фар автомобиля цена;Полировка и восстановление прозрачности;/uslugi/polirovka-i-okleyka-far
восстановление прозрачности фар минск;Полировка и восстановление прозрачности;/uslugi/polirovka-i-okleyka-far
удаление помутнения фар;Полировка и восстановление прозрачности;/uslugi/polirovka-i-okleyka-far
жидкость для химической полировки фар;Полировка и восстановление прозрачности;/uslugi/polirovka-i-okleyka-far
полировка фар в минске цены заводской район;Полировка и восстановление прозрачности;/uslugi/polirovka-i-okleyka-far
установка противотуманных фар цена;ПТФ;/uslugi/uluchshenie-kachestva-sveta
стоимость установки противотуманных фар;ПТФ;/uslugi/uluchshenie-kachestva-sveta
ремонт противотуманных фар;ПТФ;/uslugi/uluchshenie-kachestva-sveta
регулировка фар в минске;Регулировка фар;новая страница /uslugi/regulirovka-far (сейчас — внутри /uslugi/tehnicheskoye-obsluzhivaniye-far)
регулировка фар;Регулировка фар;новая страница /uslugi/regulirovka-far (сейчас — внутри /uslugi/tehnicheskoye-obsluzhivaniye-far)
регулировка фар минск;Регулировка фар;новая страница /uslugi/regulirovka-far (сейчас — внутри /uslugi/tehnicheskoye-obsluzhivaniye-far)
регулировка света фар;Регулировка фар;новая страница /uslugi/regulirovka-far (сейчас — внутри /uslugi/tehnicheskoye-obsluzhivaniye-far)
регулировка фар в минске цены;Регулировка фар;новая страница /uslugi/regulirovka-far (сейчас — внутри /uslugi/tehnicheskoye-obsluzhivaniye-far)
регулировка противотуманных фар минск колодищи;Регулировка фар;новая страница /uslugi/regulirovka-far (сейчас — внутри /uslugi/tehnicheskoye-obsluzhivaniye-far)
регулировка света фар в минске;Регулировка фар;новая страница /uslugi/regulirovka-far (сейчас — внутри /uslugi/tehnicheskoye-obsluzhivaniye-far)
регулировка фар минск октябрьский район;Регулировка фар;новая страница /uslugi/regulirovka-far (сейчас — внутри /uslugi/tehnicheskoye-obsluzhivaniye-far)
китайские фары gmc terrain маленькая регулировка;Регулировка фар;новая страница /uslugi/regulirovka-far (сейчас — внутри /uslugi/tehnicheskoye-obsluzhivaniye-far)
регулировка света фар пежо 406;Регулировка фар;новая страница /uslugi/regulirovka-far (сейчас — внутри /uslugi/tehnicheskoye-obsluzhivaniye-far)
регулировка фар в минске фрунзенский район;Регулировка фар;новая страница /uslugi/regulirovka-far (сейчас — внутри /uslugi/tehnicheskoye-obsluzhivaniye-far)
регулировка света фар в минске цены;Регулировка фар;новая страница /uslugi/regulirovka-far (сейчас — внутри /uslugi/tehnicheskoye-obsluzhivaniye-far)
регулировка фар минск цена;Регулировка фар;новая страница /uslugi/regulirovka-far (сейчас — внутри /uslugi/tehnicheskoye-obsluzhivaniye-far)
регулировка фар в первомайском районе;Регулировка фар;новая страница /uslugi/regulirovka-far (сейчас — внутри /uslugi/tehnicheskoye-obsluzhivaniye-far)
сто регулировка фар;Регулировка фар;новая страница /uslugi/regulirovka-far (сейчас — внутри /uslugi/tehnicheskoye-obsluzhivaniye-far)
ремонт корректора фар;Регулировка фар;новая страница /uslugi/regulirovka-far (сейчас — внутри /uslugi/tehnicheskoye-obsluzhivaniye-far)
регулировка фар в минске московский район;Регулировка фар;новая страница /uslugi/regulirovka-far (сейчас — внутри /uslugi/tehnicheskoye-obsluzhivaniye-far)
регулировка фар автомобиля;Регулировка фар;новая страница /uslugi/regulirovka-far (сейчас — внутри /uslugi/tehnicheskoye-obsluzhivaniye-far)
регулировка фар в борисове;Регулировка фар;новая страница /uslugi/regulirovka-far (сейчас — внутри /uslugi/tehnicheskoye-obsluzhivaniye-far)
регулировка противотуманных фар;Регулировка фар;новая страница /uslugi/regulirovka-far (сейчас — внутри /uslugi/tehnicheskoye-obsluzhivaniye-far)
регулировка фар в минске рядом;Регулировка фар;новая страница /uslugi/regulirovka-far (сейчас — внутри /uslugi/tehnicheskoye-obsluzhivaniye-far)
ремонт фар в минске;Ремонт фар — общий;/uslugi/remont-far
ремонт фары минск;Ремонт фар — общий;/uslugi/remont-far
ремонт фар минск;Ремонт фар — общий;/uslugi/remont-far
ремонт фар;Ремонт фар — общий;/uslugi/remont-far
восстановление фар в минске;Ремонт фар — общий;/uslugi/remont-far
ремонт фары;Ремонт фар — общий;/uslugi/remont-far
восстановление фар минск;Ремонт фар — общий;/uslugi/remont-far
ремонт фар в минске и восстановление;Ремонт фар — общий;/uslugi/remont-far
восстановление фар;Ремонт фар — общий;/uslugi/remont-far
ремонт фар фаниполь;Ремонт фар — общий;/uslugi/remont-far
ремонт фар в минске цены;Ремонт фар — общий;/uslugi/remont-far
ремонт автомобильных фар в минске;Ремонт фар — общий;/uslugi/remont-far
ремонт фары джили эмгранд 2023 года;Ремонт фар — общий;/uslugi/remont-far
восстановление автомобильных фар;Ремонт фар — общий;/uslugi/remont-far
восстановление и защита фар;Ремонт фар — общий;/uslugi/remont-far
замена стекол фар infiniti ex;Ремонт фар — общий;/uslugi/remont-far
ремонт фар бмв;Ремонт фар — общий;/uslugi/remont-far
ремонт фар в минске и восстановление оптики автомобилей;Ремонт фар — общий;/uslugi/remont-far
восстановление фар в минске цены;Ремонт фар — общий;/uslugi/remont-far
ремонт фар в минске и восстановление оптики;Ремонт фар — общий;/uslugi/remont-far
ремонт оптики автомобиля;Ремонт фар — общий;/uslugi/remont-far
реставрация фар минск;Ремонт фар — общий;/uslugi/remont-far
ремонт автомобильных фар;Ремонт фар — общий;/uslugi/remont-far
восстановление фар после дтп;Ремонт фар — общий;/uslugi/remont-far
замена стекол фар цена;Ремонт фар — общий;/uslugi/remont-far
стоимость ремонта фар;Ремонт фар — общий;/uslugi/remont-far
ремонт фар цена;Ремонт фар — общий;/uslugi/remont-far
стоимость замены фары;Ремонт фар — общий;/uslugi/remont-far
замена фар цена;Ремонт фар — общий;/uslugi/remont-far
ремонт фар автомобиля;Ремонт фар — общий;/uslugi/remont-far
ремонт фар авто;Ремонт фар — общий;/uslugi/remont-far
ремонт фар красногорск;Ремонт фар — общий;/uslugi/remont-far
ремонт и восстановление фар;Ремонт фар — общий;/uslugi/remont-far
восстановление пластиковых фар;Ремонт фар — общий;/uslugi/remont-far
разборка фары рено логан 2;Ремонт фар — общий;/uslugi/remont-far
разборка фары пассат б6;Ремонт фар — общий;/uslugi/remont-far
ремонт фар в фаниполе;Ремонт фар — общий;/uslugi/remont-far
установка фар цена;Ремонт фар — общий;/uslugi/remont-far
установка фар;Ремонт фар — общий;/uslugi/remont-far
ретрофит минск;Ретрофит;/uslugi/uluchshenie-kachestva-sveta
retrofit minsk;Ретрофит;/uslugi/uluchshenie-kachestva-sveta
ретрофит фар;Ретрофит;/uslugi/uluchshenie-kachestva-sveta
opel astra j тюнинг фары минск;Тюнинг, антихром, переделки;/uslugi/uluchshenie-kachestva-sveta
тюнинг фар в минске;Тюнинг, антихром, переделки;/uslugi/uluchshenie-kachestva-sveta
фольксваген тигуан 2014 фары тюнинг;Тюнинг, антихром, переделки;/uslugi/uluchshenie-kachestva-sveta
тюнинг фар ауди а4 б5;Тюнинг, антихром, переделки;/uslugi/uluchshenie-kachestva-sveta
тюнинг фары киа рио 3;Тюнинг, антихром, переделки;/uslugi/uluchshenie-kachestva-sveta
тюнинг фар киа рио 3;Тюнинг, антихром, переделки;/uslugi/uluchshenie-kachestva-sveta
киа рио 3 тюнинг фар;Тюнинг, антихром, переделки;/uslugi/uluchshenie-kachestva-sveta
тюнинг фар цена;Тюнинг, антихром, переделки;/uslugi/uluchshenie-kachestva-sveta
тюнинг фар;Тюнинг, антихром, переделки;/uslugi/uluchshenie-kachestva-sveta
автосвет минск;Улучшение света — общее;/uslugi/uluchshenie-kachestva-sveta
автосвет;Улучшение света — общее;/uslugi/uluchshenie-kachestva-sveta
ремонт дальнего света фар киа спортейдж;Улучшение света — общее;/uslugi/uluchshenie-kachestva-sveta
дооснащение mini минск;Улучшение света — общее;/uslugi/uluchshenie-kachestva-sveta
автосвет донецк днр установка;Улучшение света — общее;/uslugi/uluchshenie-kachestva-sveta
автосвет бай;Улучшение света — общее;/uslugi/uluchshenie-kachestva-sveta
установка билед модулей;Bi-LED и линзы;/uslugi/uluchshenie-kachestva-sveta/ustanovka-biled-moduley-minsk
установка би лед модулей минск;Bi-LED и линзы;/uslugi/uluchshenie-kachestva-sveta/ustanovka-biled-moduley-minsk
установка би лед модулей в минске;Bi-LED и линзы;/uslugi/uluchshenie-kachestva-sveta/ustanovka-biled-moduley-minsk
установка билед модулей минск;Bi-LED и линзы;/uslugi/uluchshenie-kachestva-sveta/ustanovka-biled-moduley-minsk
установка линз в фары genesis gv80;Bi-LED и линзы;/uslugi/uluchshenie-kachestva-sveta/ustanovka-biled-moduley-minsk
установка би лед модулей;Bi-LED и линзы;/uslugi/uluchshenie-kachestva-sveta/ustanovka-biled-moduley-minsk
установка билед модулей в фары;Bi-LED и линзы;/uslugi/uluchshenie-kachestva-sveta/ustanovka-biled-moduley-minsk
установка линз в фары;Bi-LED и линзы;/uslugi/uluchshenie-kachestva-sveta/ustanovka-biled-moduley-minsk
установка линз в фары минск;Bi-LED и линзы;/uslugi/uluchshenie-kachestva-sveta/ustanovka-biled-moduley-minsk
установка билед линз в фары лансер 9;Bi-LED и линзы;/uslugi/uluchshenie-kachestva-sveta/ustanovka-biled-moduley-minsk
замена линз в фарах тойота авенсис т250;Bi-LED и линзы;/uslugi/uluchshenie-kachestva-sveta/ustanovka-biled-moduley-minsk
установка би лед модулей в минске цена;Bi-LED и линзы;/uslugi/uluchshenie-kachestva-sveta/ustanovka-biled-moduley-minsk
установка би лед линз;Bi-LED и линзы;/uslugi/uluchshenie-kachestva-sveta/ustanovka-biled-moduley-minsk
установка линз в фары минск цена;Bi-LED и линзы;/uslugi/uluchshenie-kachestva-sveta/ustanovka-biled-moduley-minsk
установка bi led модулей в минске;Bi-LED и линзы;/uslugi/uluchshenie-kachestva-sveta/ustanovka-biled-moduley-minsk
установка лед линз в фары;Bi-LED и линзы;/uslugi/uluchshenie-kachestva-sveta/ustanovka-biled-moduley-minsk
установка лед модулей;Bi-LED и линзы;/uslugi/uluchshenie-kachestva-sveta/ustanovka-biled-moduley-minsk
установка bi led линз;Bi-LED и линзы;/uslugi/uluchshenie-kachestva-sveta/ustanovka-biled-moduley-minsk
установка би лед линз в фары;Bi-LED и линзы;/uslugi/uluchshenie-kachestva-sveta/ustanovka-biled-moduley-minsk
установка билед линз в фары;Bi-LED и линзы;/uslugi/uluchshenie-kachestva-sveta/ustanovka-biled-moduley-minsk
установка линз в фары череповец;Bi-LED и линзы;/uslugi/uluchshenie-kachestva-sveta/ustanovka-biled-moduley-minsk
установка линз в фары шкода октавия а7;Bi-LED и линзы;/uslugi/uluchshenie-kachestva-sveta/ustanovka-biled-moduley-minsk
установка bi led минск;Bi-LED и линзы;/uslugi/uluchshenie-kachestva-sveta/ustanovka-biled-moduley-minsk
установка светодиодных ламп в фары;LED-лампы;/uslugi/uluchshenie-kachestva-sveta
прайм авто минск;Бренд;/
prime auto;Бренд;/
прайм авто;Бренд;/
